{
    "candidate_features": [
        "sales",
        "sell_price",
        "wday",
        "month",
        "year",
        "is_weekend",
        "event_flag",
        "snap",
        "lag_7",
        "lag_14",
        "lag_28",
        "rolling_mean_7",
        "rolling_mean_28",
        "rolling_std_7",
        "zero_ratio",
        "total_sales"
    ],
    "correlation_threshold": 0.95,
    "correlation_pruned_features": [],
    "anova_top_k": 12,
    "selected_features": [
        "sales",
        "is_weekend",
        "event_flag",
        "snap",
        "lag_7",
        "lag_14",
        "lag_28",
        "rolling_mean_7",
        "rolling_mean_28",
        "rolling_std_7",
        "zero_ratio",
        "total_sales"
    ],
    "f_scores": {
        "sales": 1413863.4108483035,
        "sell_price": 29.014916917501623,
        "wday": 141.03021444119284,
        "month": 106.26340987763889,
        "year": 40.21837157960719,
        "is_weekend": 1080.611248254595,
        "event_flag": 170.18702361275626,
        "snap": 801.5907715153177,
        "lag_7": 762422.2591052502,
        "lag_14": 614165.2488400479,
        "lag_28": 531231.8810421454,
        "rolling_mean_7": 1501026.7008078936,
        "rolling_mean_28": 1328469.262254794,
        "rolling_std_7": 417177.5893436308,
        "zero_ratio": 16286.85720217859,
        "total_sales": 585589.0722721919
    },
    "p_values": {
        "sales": 0.0,
        "sell_price": 7.184082671375436e-08,
        "wday": 1.5934522625779116e-32,
        "month": 6.4761636511394295e-25,
        "year": 2.2720827305997231e-10,
        "is_weekend": 7.45196271780678e-237,
        "event_flag": 6.78907685016768e-39,
        "snap": 2.903518691029097e-176,
        "lag_7": 0.0,
        "lag_14": 0.0,
        "lag_28": 0.0,
        "rolling_mean_7": 0.0,
        "rolling_mean_28": 0.0,
        "rolling_std_7": 0.0,
        "zero_ratio": 0.0,
        "total_sales": 0.0
    },
    "rows_used": 911000,
    "source": "all clients' train.csv only"
}