{
    "CA_1": [
        0.004188601681244127,
        0.06593820569253003,
        0.00894890869526335,
        0.04230736434791547,
        0.04783506705202895,
        -0.013175473104210064,
        0.06064411447288812,
        0.7237981031804421,
        0.05044688065804548,
        0.1284208582929465,
        0.03294690579959528
    ],
    "CA_2": [
        0.0351046719917921,
        -0.006851854881604634,
        -0.053063213122304456,
        0.20075117380466445,
        0.1659826643439053,
        0.1483954979215876,
        0.13366785955979113,
        0.20796723834100636,
        -0.03477486498415501,
        0.18552176815801188,
        0.06642656783026522
    ],
    "CA_3": [
        0.02272122657839311,
        0.021236753722591824,
        -0.023932269050949823,
        0.025962320737853192,
        0.13301621034499145,
        0.11741622926923542,
        0.038992301151171624,
        0.5655362594007399,
        0.004624369040056699,
        0.012728780370787257,
        -0.01844990337170803
    ],
    "CA_4": [
        0.028540853292007475,
        0.04115614888545612,
        0.00984030804551591,
        0.11010216209957593,
        0.019160768300438474,
        0.056109809747171016,
        0.06698568788330139,
        0.18426417224881425,
        0.05310017261586407,
        0.45430527057413506,
        0.0496681469152211
    ],
    "TX_1": [
        0.012314906738795116,
        0.027065904191805018,
        -0.04723483628173821,
        0.03527644442023542,
        0.12867813123286742,
        -0.041076450090407085,
        0.005600718554245772,
        0.5385600317109419,
        0.07125357285707264,
        0.11346848065485543,
        0.0007072332603115308
    ],
    "TX_2": [
        0.021244716429705372,
        0.030082842477457558,
        -0.023647221421391394,
        0.0061426269204318,
        0.04537959214989764,
        0.10096040993063608,
        0.03920931493522125,
        0.6368842221699419,
        0.035146363243848955,
        0.05362054899747536,
        0.027037863710990165
    ],
    "TX_3": [
        -0.056179735161854455,
        0.028810224147900312,
        -0.0029776614973020376,
        -0.01207648448488946,
        0.1374539861659053,
        0.12132609056681068,
        0.062376004467339256,
        0.6475430293725382,
        -0.0023629398369369586,
        0.06335781708957454,
        0.1102362489403168
    ],
    "WI_1": [
        0.08771822459256248,
        0.01721380284767128,
        -0.0010049193954143457,
        0.013554084479504118,
        0.02344674484661216,
        0.01972784177896075,
        0.10030071729417045,
        0.2654690923683259,
        -0.02645657510897792,
        0.41897677004538086,
        0.04474456547761695
    ],
    "WI_2": [
        -0.0011876236508627028,
        0.018443443633586624,
        -0.010758650465869006,
        0.01375551455184863,
        0.0452361020463607,
        0.044313668681733684,
        0.036506268310320784,
        0.6620515937598749,
        0.011745413111487517,
        0.12698701768191797,
        0.027449276060075207
    ],
    "WI_3": [
        -0.12067964884560883,
        -0.0482643032569835,
        -0.008479323426317326,
        0.12504274658902892,
        0.04874758446633355,
        0.0013194888139120287,
        0.040429867677196064,
        0.6899348872818577,
        0.022026811227431557,
        0.07821321562278312,
        -0.02140401070124643
    ]
}