{
    "CA_1": [
        0.16273310780525208,
        0.03686768561601639,
        0.05841336399316788,
        0.01384713314473629,
        0.02708788774907589,
        0.018237369135022163,
        0.023857351392507553,
        0.5180378556251526,
        0.04376889020204544,
        0.020306997001171112,
        0.019595686346292496,
        0.05724671855568886
    ],
    "CA_2": [
        0.14988891780376434,
        0.04686776548624039,
        0.033413439989089966,
        0.016966909170150757,
        0.02379547618329525,
        0.022309357300400734,
        0.02433195896446705,
        0.5441794991493225,
        0.04735606163740158,
        0.022285792976617813,
        0.022621693089604378,
        0.045983050018548965
    ],
    "CA_3": [
        0.3245715796947479,
        0.034333955496549606,
        0.033491186797618866,
        0.021445002406835556,
        0.019641045480966568,
        0.016950348392128944,
        0.019846202805638313,
        0.40763235092163086,
        0.034116726368665695,
        0.019910715520381927,
        0.015646349638700485,
        0.052414510399103165
    ],
    "CA_4": [
        0.11764390766620636,
        0.040297504514455795,
        0.0348515547811985,
        0.019650233909487724,
        0.025200767442584038,
        0.02456829883158207,
        0.02516399323940277,
        0.40915319323539734,
        0.07806962728500366,
        0.02445288747549057,
        0.031478315591812134,
        0.1694696694612503
    ],
    "TX_1": [
        0.17135632038116455,
        0.019453231245279312,
        0.044486578553915024,
        0.021807365119457245,
        0.025238584727048874,
        0.02023368701338768,
        0.019630547612905502,
        0.5462805032730103,
        0.0413036085665226,
        0.019203467294573784,
        0.019708173349499702,
        0.0512981079518795
    ],
    "TX_2": [
        0.16440315544605255,
        0.028345059603452682,
        0.03284928575158119,
        0.014501232653856277,
        0.015203424729406834,
        0.016356773674488068,
        0.01762336492538452,
        0.5742666721343994,
        0.04182186722755432,
        0.021206390112638474,
        0.025881687179207802,
        0.04754117503762245
    ],
    "TX_3": [
        0.11930418759584427,
        0.02191273123025894,
        0.03607020899653435,
        0.012287254445254803,
        0.016833288595080376,
        0.013573557138442993,
        0.01608370430767536,
        0.6754266619682312,
        0.02885742299258709,
        0.013850071467459202,
        0.015704665333032608,
        0.030096273869276047
    ],
    "WI_1": [
        0.105385921895504,
        0.059310223907232285,
        0.0235423780977726,
        0.015415087342262268,
        0.02200080268085003,
        0.023488758131861687,
        0.023744691163301468,
        0.5316522121429443,
        0.11443884670734406,
        0.020504821091890335,
        0.027198374271392822,
        0.033317968249320984
    ],
    "WI_2": [
        0.3798501789569855,
        0.042442385107278824,
        0.041459593921899796,
        0.05165495350956917,
        0.04265445098280907,
        0.038860026746988297,
        0.04549266770482063,
        0.15587180852890015,
        0.06787865608930588,
        0.0445108525454998,
        0.0400085486471653,
        0.049315791577100754
    ],
    "WI_3": [
        0.22025297582149506,
        0.05436769872903824,
        0.02705155871808529,
        0.01946435682475567,
        0.02464262954890728,
        0.0198929812759161,
        0.023780740797519684,
        0.4830619990825653,
        0.04023896902799606,
        0.02067415975034237,
        0.023380976170301437,
        0.04319106414914131
    ]
}